"id";"nome";"email";"assunto";"descricao";"criado_em"
1;"Lucas Marins";"teste@gmail.com";"Teste 1";"Teste 11111111111111111";"2024-10-29 21:20:39"
2;"WRTEWTVQW";"ERTYERTERT@RYRSTY";"ETYBERYBERTYY";"YBERTYBTRY";"2024-10-29 22:16:54"
3;"WRTEWTVQW";"ERTYERTERT@RYRSTY";"ETYBERYBERTYY";"YBERTYBTRY";"2024-10-29 22:17:30"
4;"Esse natus cupiditat";"jivi@mailinator.com";"Obcaecati irure et a";"Quaerat sunt molest";"2024-10-29 22:19:07"
5;"Consequatur expedit";"ziqehopoq@mailinator.com";"Perferendis voluptat";"Nobis illo sapiente ";"2024-10-29 22:19:12"
6;"A laudantium facili";"qyjyl@mailinator.com";"Vel mollit enim omni";"Proident dolor sed ";"2024-10-29 22:19:18"
7;"Quia aut perferendis";"pysitorum@mailinator.com";"Tempore natus non l";"Beatae maxime quasi ";"2024-10-29 22:19:24"
8;"Impedit eos cillum";"xepihoro@mailinator.com";"Ut et id ipsam volu";"Ut consequuntur qui ";"2024-10-29 22:19:31"
9;"teste";"teste@a";"teste";"teste";"2024-10-29 23:08:57"
10;"ewtert";"tertert@rtyrt";"erterte";"teterte";"2024-10-29 23:15:54"
